"","airport1","airport2","airline","cnt"
"1","AUS","IAH","UA",418.333333333333
"2","BSM","IAH","UA",418.333333333333
"3","EWR","SFO","UA",398.666666666667
"4","SFO","EWR","UA",398.333333333333
"5","ORD","LGA","UA",359.333333333333
"6","LGA","ORD","UA",359.25
"7","ORD","SFO","UA",334.666666666667
"8","SFO","ORD","UA",333.583333333333
"9","EWR","LAX","UA",329.166666666667
"10","LAX","EWR","UA",329.166666666667
"11","SFO","LAX","UA",327.416666666667
"12","LAX","SFO","UA",327.25
"13","DEN","IAH","UA",312.25
"14","IAH","DEN","UA",312.25
"15","HIK","SFO","UA",297.833333333333
"16","HNL","SFO","UA",297.833333333333
"17","ORD","DEN","UA",296.666666666667
"18","DEN","ORD","UA",295.583333333333
"19","EWR","ORD","UA",293.5
"20","ORD","EWR","UA",292
"21","BOS","EWR","UA",289.916666666667
"22","EWR","MCO","UA",289.583333333333
"23","EWR","BOS","UA",289.333333333333
"24","MCO","EWR","UA",289.333333333333
"25","SFO","DEN","UA",287.833333333333
"26","ORD","LAX","UA",285.75
"27","LAX","ORD","UA",285.416666666667
"28","DEN","SFO","UA",284.833333333333
"29","SFO","IAH","UA",274.916666666667
"30","ORD","IAH","UA",274.25
"31","IAH","SFO","UA",273.916666666667
"32","EWR","IAH","UA",273.583333333333
"33","IAH","ORD","UA",273.333333333333
"34","IAH","EWR","UA",272.666666666667
"35","LAX","IAH","UA",268.833333333333
"36","IAH","LAX","UA",268.75
"37","LAS","SFO","UA",255.916666666667
"38","SFO","LAS","UA",255.666666666667
"39","HIK","LAX","UA",251.333333333333
"40","HNL","LAX","UA",251.333333333333
"41","DCA","ORD","UA",244.333333333333
"42","SEA","SFO","UA",238.666666666667
"43","SFO","SEA","UA",238
"44","EWR","DEN","UA",235
"45","DEN","EWR","UA",234.833333333333
"46","BOS","ORD","UA",233.666666666667
"47","ORD","BOS","UA",232.916666666667
"48","AUS","ORD","UA",226
"49","BSM","ORD","UA",226
"50","SAN","SFO","UA",226
"51","SFO","SAN","UA",225.916666666667
"52","IAH","MSY","UA",221.583333333333
"53","MSY","IAH","UA",221.5
"54","IAD","SFO","UA",217.166666666667
"55","SFO","IAD","UA",216.5
"56","ORD","DCA","UA",214.666666666667
"57","DEN","LAX","UA",212.583333333333
"58","AUS","DEN","UA",212.166666666667
"59","BSM","DEN","UA",212.166666666667
"60","LAX","DEN","UA",212.166666666667
"61","PDX","SFO","UA",208.666666666667
"62","SFO","PDX","UA",208.416666666667
"63","IAH","AUS","UA",206.166666666667
"64","IAH","BSM","UA",206.166666666667
"65","EWR","FLL","UA",205.416666666667
"66","FLL","EWR","UA",205.416666666667
"67","AUS","EWR","UA",202.666666666667
"68","BSM","EWR","UA",202.666666666667
"69","IAD","LAX","UA",199.333333333333
"70","LAX","IAD","UA",199.166666666667
"71","DEN","IAD","UA",199
"72","MCO","IAH","UA",198.5
"73","IAH","MCO","UA",198.083333333333
"74","IAD","DEN","UA",196.416666666667
"75","SAT","IAH","UA",195.583333333333
"76","IAH","SAT","UA",195.25
"77","DEN","LGA","UA",194.5
"78","LGA","DEN","UA",194.5
"79","EWR","LAS","UA",189
"80","LAS","EWR","UA",188.25
"81","LGA","IAH","UA",187.166666666667
"82","IAH","LGA","UA",187
"83","AUS","SFO","UA",182.833333333333
"84","BSM","SFO","UA",182.833333333333
"85","IAH","LAS","UA",181.083333333333
"86","LAS","IAH","UA",181.083333333333
"87","MCO","ORD","UA",180.333333333333
"88","ORD","MCO","UA",180.166666666667
"89","CLE","ORD","UA",177.166666666667
"90","BOS","SFO","UA",177.083333333333
"91","ORD","CLE","UA",177
"92","EWR","PBI","UA",176.916666666667
"93","PBI","EWR","UA",176.833333333333
"94","SFO","BOS","UA",176.75
"95","TPA","EWR","UA",174.916666666667
"96","EWR","TPA","UA",174.75
"97","ORD","PHL","UA",165.75
"98","PHL","ORD","UA",165.666666666667
"99","DFW","ORD","UA",164.666666666667
"100","ORD","DFW","UA",164.666666666667
"101","LAS","DEN","UA",164.083333333333
"102","DEN","LAS","UA",163.666666666667
"103","MSP","ORD","UA",155.833333333333
"104","ORD","MSP","UA",155.333333333333
"105","EWR","MIA","UA",153.166666666667
"106","MIA","EWR","UA",152.916666666667
"107","ORD","LAS","UA",152.5
"108","LAS","ORD","UA",152.416666666667
"109","SFO","HIK","UA",148.833333333333
"110","SFO","HNL","UA",148.833333333333
"111","IAH","SAN","UA",148.083333333333
"112","SAN","IAH","UA",148
"113","ORD","PHX","UA",147.5
"114","IAD","ORD","UA",147.083333333333
"115","ORD","IAD","UA",147.083333333333
"116","PHX","ORD","UA",147
"117","IAH","FLL","UA",144.833333333333
"118","FLL","IAH","UA",144.666666666667
"119","DEN","SAN","UA",140.5
"120","SAN","DEN","UA",140.333333333333
"121","IAH","TPA","UA",140.25
"122","TPA","IAH","UA",140
"123","LAS","LAX","UA",138.75
"124","LAX","LAS","UA",138.5
"125","SFO","SNA","UA",138.5
"126","SNA","SFO","UA",138.416666666667
"127","DEN","BOS","UA",138.333333333333
"128","DEN","PHX","UA",137.916666666667
"129","PHX","DEN","UA",137.916666666667
"130","BOS","DEN","UA",137.833333333333
"131","DEN","SEA","UA",137.5
"132","SEA","DEN","UA",137.416666666667
"133","PHX","IAH","UA",135.833333333333
"134","IAH","PHX","UA",135.75
"135","IAD","MCO","UA",135
"136","MCO","IAD","UA",134.916666666667
"137","SEA","IAH","UA",134.416666666667
"138","IAH","SEA","UA",134.333333333333
"139","PDX","DEN","UA",133.166666666667
"140","DEN","PDX","UA",133
"141","IAH","IAD","UA",132.416666666667
"142","OGG","SFO","UA",132.25
"143","SFO","OGG","UA",132.25
"144","IAD","IAH","UA",129.583333333333
"145","ORD","SAN","UA",128.583333333333
"146","SAN","ORD","UA",128.583333333333
"147","BOS","IAH","UA",128.166666666667
"148","IAH","BOS","UA",127.916666666667
"149","LAX","HIK","UA",125.75
"150","LAX","HNL","UA",125.75
"151","ORD","SEA","UA",124.666666666667
"152","EWR","ATL","UA",124.583333333333
"153","SEA","ORD","UA",124.583333333333
"154","ATL","EWR","UA",124.166666666667
"155","DEN","SNA","UA",115.5
"156","SNA","DEN","UA",115.416666666667
"157","DEN","AUS","UA",115.333333333333
"158","DEN","BSM","UA",115.333333333333
"159","EWR","RSW","UA",115.166666666667
"160","RSW","EWR","UA",115.166666666667
"161","BOS","IAD","UA",114.583333333333
"162","IAD","BOS","UA",114.416666666667
"163","DFW","EWR","UA",113
"164","IAD","EWR","UA",112.916666666667
"165","EWR","DFW","UA",112.833333333333
"166","SNA","IAH","UA",112.5
"167","IAH","SNA","UA",112.333333333333
"168","MIA","IAH","UA",110.25
"169","IAH","MIA","UA",109.916666666667
"170","DEN","MCO","UA",109.083333333333
"171","MCO","DEN","UA",108.75
"172","IAH","DCA","UA",107.5
"173","ORD","TPA","UA",105.083333333333
"174","TPA","ORD","UA",104.916666666667
"175","SFO","AUS","UA",104.25
"176","SFO","BSM","UA",104.25
"177","PHX","SFO","UA",103.916666666667
"178","SFO","PHX","UA",103.916666666667
"179","MSY","EWR","UA",103.25
"180","EWR","MSY","UA",103.083333333333
"181","DEN","MSP","UA",102.416666666667
"182","MSP","DEN","UA",101.916666666667
"183","EWR","AUS","UA",101.25
"184","EWR","BSM","UA",101.25
"185","ORD","PDX","UA",97.25
"186","PDX","ORD","UA",97.0833333333333
"187","BWI","ORD","UA",94.4166666666667
"188","ORD","BWI","UA",94.3333333333333
"189","EWR","PHX","UA",92.1666666666667
"190","PHX","EWR","UA",92.1666666666667
"191","CLE","DEN","UA",91.9166666666667
"192","EWR","IAD","UA",91.1666666666667
"193","ORD","AUS","UA",91
"194","ORD","BSM","UA",91
"195","IAD","TPA","UA",90.5833333333333
"196","TPA","IAD","UA",90.5833333333333
"197","EWR","SEA","UA",90.5
"198","DEN","DFW","UA",90.3333333333333
"199","SEA","EWR","UA",90.1666666666667
"200","EWR","SAN","UA",89.3333333333333
"201","DEN","SMF","UA",89.1666666666667
"202","SAN","EWR","UA",89.1666666666667
"203","SMF","DEN","UA",89
"204","DEN","CLE","UA",88.6666666666667
"205","EWR","BNA","UA",88.5
"206","SEA","IAD","UA",88.1666666666667
"207","IAD","SEA","UA",88.0833333333333
"208","ORD","RSW","UA",87.5833333333333
"209","RSW","ORD","UA",87.5833333333333
"210","BNA","EWR","UA",86.5
"211","ORD","SNA","UA",85.25
"212","SNA","ORD","UA",85.25
"213","IAD","SAN","UA",85.1666666666667
"214","SAN","IAD","UA",85.1666666666667
"215","DFW","DEN","UA",85.0833333333333
"216","ORD","FLL","UA",84.75
"217","KOA","SFO","UA",84.6666666666667
"218","SFO","KOA","UA",84.6666666666667
"219","EWR","SNA","UA",84.5
"220","SNA","EWR","UA",84.5
"221","FLL","ORD","UA",84.25
"222","EWR","RDU","UA",83
"223","MCO","SFO","UA",82.1666666666667
"224","SFO","MCO","UA",82.0833333333333
"225","DEN","SJC","UA",81.3333333333333
"226","SJC","DEN","UA",81.3333333333333
"227","RDU","EWR","UA",79.75
"228","ORD","PIT","UA",79
"229","PIT","ORD","UA",78.9166666666667
"230","ORD","MSY","UA",78.6666666666667
"231","BDL","ORD","UA",78.0833333333333
"232","ORD","BDL","UA",78
"233","DCA","IAH","UA",77.9166666666667
"234","DFW","IAH","UA",77.25
"235","DEN","RNO","UA",76.1666666666667
"236","ORD","MCI","UA",76.1666666666667
"237","RNO","DEN","UA",76.0833333333333
"238","MSY","ORD","UA",75
"239","SMF","ORD","UA",74.8333333333333
"240","DEN","TPA","UA",74.75
"241","ORD","SMF","UA",74.75
"242","TPA","DEN","UA",74.5833333333333
"243","LAX","OGG","UA",73.6666666666667
"244","OGG","LAX","UA",73.6666666666667
"245","AUS","IAD","UA",73.3333333333333
"246","BSM","IAD","UA",73.3333333333333
"247","IAH","PDX","UA",71.8333333333333
"248","PDX","IAH","UA",71.5833333333333
"249","ALB","ORD","UA",71.1666666666667
"250","ORD","ALB","UA",71.1666666666667
"251","PHL","IAH","UA",70.25
"252","IAH","PHL","UA",70.1666666666667
"253","ORD","RDU","UA",69.75
"254","MCI","ORD","UA",69.0833333333333
"255","DEN","PHL","UA",68.6666666666667
"256","OMA","ORD","UA",68.6666666666667
"257","PHL","DEN","UA",68.6666666666667
"258","LAS","IAD","UA",68.5833333333333
"259","IAD","LAS","UA",68.5
"260","PIT","DEN","UA",68.3333333333333
"261","DEN","PIT","UA",68.25
"262","ORD","ROC","UA",68.25
"263","ROC","ORD","UA",68.1666666666667
"264","MCI","DEN","UA",67.5833333333333
"265","ORD","MIA","UA",67.5833333333333
"266","DEN","OMA","UA",67.3333333333333
"267","MIA","ORD","UA",67.3333333333333
"268","IAH","DFW","UA",67.1666666666667
"269","MSY","DEN","UA",66.5833333333333
"270","RDU","IAD","UA",66.5
"271","CLE","IAH","UA",66.3333333333333
"272","IAD","RDU","UA",66.25
"273","IAH","SMF","UA",65.75
"274","SMF","IAH","UA",65.6666666666667
"275","LAX","BOS","UA",64.8333333333333
"276","BOS","LAX","UA",64.5
"277","DEN","JAC","UA",63.25
"278","JAC","DEN","UA",63.25
"279","HIK","DEN","UA",63
"280","HNL","DEN","UA",63
"281","BDL","IAD","UA",62.0833333333333
"282","ORD","CMH","UA",62.0833333333333
"283","IAD","BDL","UA",62
"284","HIK","GUM","UA",61
"285","HNL","GUM","UA",61
"286","HIK","EWR","UA",60.8333333333333
"287","HIK","IAH","UA",60.8333333333333
"288","HIK","ORD","UA",60.8333333333333
"289","HNL","EWR","UA",60.8333333333333
"290","HNL","IAH","UA",60.8333333333333
"291","HNL","ORD","UA",60.8333333333333
"292","RDU","ORD","UA",60.75
"293","RDU","DEN","UA",60.5
"294","DEN","RDU","UA",60.3333333333333
"295","DEN","BOI","UA",60.0833333333333
"296","BOI","DEN","UA",60
"297","DEN","MCI","UA",59.6666666666667
"298","IAH","RSW","UA",58.9166666666667
"299","RSW","IAH","UA",58.9166666666667
"300","BZN","DEN","UA",58.8333333333333
"301","DEN","ATL","UA",58.8333333333333
"302","DEN","BZN","UA",58.8333333333333
"303","BWI","IAH","UA",58.6666666666667
"304","DEN","GEG","UA",58.6666666666667
"305","IAH","BWI","UA",58.6666666666667
"306","GEG","DEN","UA",58.5833333333333
"307","DEN","BIL","UA",58.0833333333333
"308","BIL","DEN","UA",58
"309","MSN","DEN","UA",57.8333333333333
"310","DEN","MSN","UA",57.75
"311","LIH","SFO","UA",57.6666666666667
"312","SFO","LIH","UA",57.6666666666667
"313","EWR","CLE","UA",57.5833333333333
"314","ORD","PWM","UA",57.4
"315","PWM","ORD","UA",57.4
"316","DEN","CID","UA",57
"317","FLL","IAD","UA",57
"318","ATL","IAD","UA",56.9166666666667
"319","CID","DEN","UA",56.9166666666667
"320","IAD","FLL","UA",56.9166666666667
"321","BWI","DEN","UA",56.75
"322","DEN","BWI","UA",56.6666666666667
"323","ORD","OMA","UA",56.5833333333333
"324","CMH","DEN","UA",56.5
"325","DEN","DTW","UA",56.4166666666667
"326","DEN","MSY","UA",56.4166666666667
"327","DTW","DEN","UA",56.4166666666667
"328","EWR","PDX","UA",56
"329","PDX","EWR","UA",55.8333333333333
"330","OMA","DEN","UA",55.4166666666667
"331","FLL","DEN","UA",55.3333333333333
"332","DEN","FLL","UA",55.1666666666667
"333","SFO","BNA","UA",55.0833333333333
"334","BNA","SFO","UA",55
"335","SFO","ATL","UA",55
"336","ATL","SFO","UA",54.9166666666667
"337","IAH","SJU","UA",54.8333333333333
"338","SJU","IAH","UA",54.75
"339","SFO","PHL","UA",54.5833333333333
"340","PHL","SFO","UA",54.5
"341","IAH","MFE","UA",54.25
"342","MFE","IAH","UA",54.1666666666667
"343","ORD","DSM","UA",53.6666666666667
"344","KOA","LAX","UA",53.5833333333333
"345","LAX","KOA","UA",53.5833333333333
"346","DSM","ORD","UA",53.5
"347","IAH","CLE","UA",53.5
"348","DEN","ONT","UA",53.1666666666667
"349","LAX","MCO","UA",53.1666666666667
"350","ONT","DEN","UA",53.1666666666667
"351","ORD","SAT","UA",53.1666666666667
"352","DEN","CVG","UA",53.0833333333333
"353","CVG","DEN","UA",53
"354","MCO","LAX","UA",53
"355","EWR","SJU","UA",52.9166666666667
"356","SJU","EWR","UA",52.9166666666667
"357","CMH","ORD","UA",52.8333333333333
"358","RDU","SFO","UA",52.75
"359","SFO","RDU","UA",52.6666666666667
"360","SAT","DEN","UA",52.25
"361","ORD","ORF","UA",51
"362","BUF","ORD","UA",50.4166666666667
"363","EWR","CLT","UA",50.3333333333333
"364","ORD","BUF","UA",50.3333333333333
"365","DEN","PSP","UA",50.1818181818182
"366","BNA","IAH","UA",50
"367","SFO","BWI","UA",49.8333333333333
"368","BWI","SFO","UA",49.75
"369","LAX","CLE","UA",49.5
"370","CLE","LAX","UA",49.4166666666667
"371","ORD","SLC","UA",49.2
"372","ORD","BNA","UA",48.6666666666667
"373","SAT","ORD","UA",48.6666666666667
"374","DEN","SAT","UA",48.5833333333333
"375","SFO","PIT","UA",48.3333333333333
"376","PIT","SFO","UA",48.25
"377","DEN","ABQ","UA",48.0833333333333
"378","ABQ","DEN","UA",48
"379","IAH","MAF","UA",48
"380","MAF","IAH","UA",47.9166666666667
"381","SFO","CLE","UA",47.9166666666667
"382","CLE","SFO","UA",47.8333333333333
"383","BNA","ORD","UA",47.75
"384","CLE","EWR","UA",47.25
"385","DEN","CMH","UA",47.25
"386","IAD","BNA","UA",47.0833333333333
"387","DSM","DEN","UA",47
"388","ORD","ATL","UA",47
"389","CHS","ORD","UA",46.8333333333333
"390","DEN","DSM","UA",46.8333333333333
"391","ATL","DEN","UA",46.75
"392","BNA","IAD","UA",46.75
"393","ORD","CHS","UA",46.75
"394","IAH","BNA","UA",46.5
"395","SFO","DFW","UA",46.5
"396","IAH","SJC","UA",46.3333333333333
"397","SJC","IAH","UA",46.3333333333333
"398","PSP","SFO","UA",45.75
"399","IAH","MEM","UA",45.4166666666667
"400","PSP","DEN","UA",45.3636363636364
"401","MEM","IAH","UA",45.3333333333333
"402","ORD","MSN","UA",45.3333333333333
"403","MSN","ORD","UA",45.1666666666667
"404","EUG","SFO","UA",45.0833333333333
"405","DEN","GRR","UA",44.8333333333333
"406","GRR","DEN","UA",44.8333333333333
"407","DFW","SFO","UA",44.5
"408","IAD","RSW","UA",44.3333333333333
"409","DEN","MSO","UA",44
"410","MSO","DEN","UA",44
"411","RSW","IAD","UA",44
"412","JAC","ORD","UA",43.7777777777778
"413","ORD","JAC","UA",43.7777777777778
"414","IAH","SLC","UA",43.6363636363636
"415","DEN","FCA","UA",43.4285714285714
"416","SFO","EUG","UA",43.3333333333333
"417","FCA","DEN","UA",43.2857142857143
"418","BZN","ORD","UA",43.0909090909091
"419","ORD","BZN","UA",43.0909090909091
"420","TPA","SFO","UA",42.8333333333333
"421","SFO","TPA","UA",42.75
"422","DEN","BUR","UA",42.4285714285714
"423","BUR","DEN","UA",42.2857142857143
"424","IAD","SAT","UA",42.1666666666667
"425","SAT","IAD","UA",42.1666666666667
"426","ANC","DEN","UA",42
"427","DEN","ANC","UA",42
"428","ORF","ORD","UA",41.9090909090909
"429","SBA","DEN","UA",41.8888888888889
"430","LAX","LIH","UA",41.6666666666667
"431","LIH","LAX","UA",41.6666666666667
"432","CHS","EWR","UA",41.5
"433","ORD","SJC","UA",41.5
"434","EWR","CHS","UA",41.25
"435","SFO","PSP","UA",41.25
"436","SJC","ORD","UA",41.25
"437","RDU","IAH","UA",41.1666666666667
"438","TUS","IAH","UA",40.7142857142857
"439","ORD","SYR","UA",40.6666666666667
"440","SYR","ORD","UA",40.6666666666667
"441","COS","DEN","UA",40.4285714285714
"442","DEN","COS","UA",40.4285714285714
"443","STL","ORD","UA",39.8571428571429
"444","CLT","EWR","UA",39.6666666666667
"445","IAD","AUS","UA",39.6666666666667
"446","IAD","BSM","UA",39.6666666666667
"447","GUM","SPN","UA",39.4166666666667
"448","SPN","GUM","UA",39.4166666666667
"449","RNO","SFO","UA",38.5
"450","SFO","RNO","UA",38.4166666666667
"451","DEN","SBA","UA",37.8
"452","BTV","ORD","UA",37.2727272727273
"453","ORD","BTV","UA",37.2727272727273
"454","DEN","MIA","UA",37.2
"455","SFO","MSY","UA",37.0833333333333
"456","MIA","DEN","UA",37
"457","MSY","SFO","UA",37
"458","SFO","IND","UA",37
"459","IND","SFO","UA",36.9166666666667
"460","IAD","MSY","UA",36.4166666666667
"461","MSY","IAD","UA",36.25
"462","SJU","ORD","UA",36.25
"463","ORD","SJU","UA",36.1666666666667
"464","IAH","TUS","UA",35.6666666666667
"465","EWR","SLC","UA",35.5833333333333
"466","SLC","EWR","UA",35.5
"467","SLC","DEN","UA",35.25
"468","IND","DEN","UA",35.125
"469","DTW","ORD","UA",34.25
"470","SFO","STL","UA",34.25
"471","STL","SFO","UA",34.125
"472","MCI","IAH","UA",34
"473","SLC","IAH","UA",33.9
"474","BUR","SFO","UA",33.7272727272727
"475","SFO","BUR","UA",33.5454545454545
"476","ORD","SRQ","UA",33.4545454545455
"477","SRQ","ORD","UA",33.3636363636364
"478","ORD","DTW","UA",33.25
"479","IAD","CLE","UA",33.0909090909091
"480","IAD","MIA","UA",32.1428571428571
"481","MIA","IAD","UA",32.1428571428571
"482","DEN","TUS","UA",32
"483","IAH","RDU","UA",32
"484","ORD","ANC","UA",32
"485","FLL","SFO","UA",31.9166666666667
"486","SLC","ORD","UA",31.9090909090909
"487","ANC","ORD","UA",31.9
"488","SFO","FLL","UA",31.8333333333333
"489","IAH","MCI","UA",31.7272727272727
"490","DEN","HIK","UA",31.5
"491","DEN","HNL","UA",31.5
"492","PHX","IAD","UA",31.4166666666667
"493","DEN","IND","UA",31.3333333333333
"494","IAD","PHX","UA",31.3333333333333
"495","CLE","MCO","UA",31.25
"496","MCO","CLE","UA",31.25
"497","DEN","OGG","UA",30.8333333333333
"498","OGG","DEN","UA",30.8333333333333
"499","GUM","HIK","UA",30.5
"500","GUM","HNL","UA",30.5
"501","DEN","RSW","UA",30.4545454545455
"502","BQN","EWR","UA",30.4166666666667
"503","DEN","JAX","UA",30.4166666666667
"504","DEN","KOA","UA",30.4166666666667
"505","DEN","LIH","UA",30.4166666666667
"506","EWR","BQN","UA",30.4166666666667
"507","EWR","HIK","UA",30.4166666666667
"508","EWR","HNL","UA",30.4166666666667
"509","IAH","HIK","UA",30.4166666666667
"510","IAH","HNL","UA",30.4166666666667
"511","KOA","DEN","UA",30.4166666666667
"512","LIH","DEN","UA",30.4166666666667
"513","ORD","HIK","UA",30.4166666666667
"514","ORD","HNL","UA",30.4166666666667
"515","DEN","OKC","UA",30.4
"516","RSW","DEN","UA",30.3636363636364
"517","DCA","DEN","UA",30.3333333333333
"518","DCA","SFO","UA",30.3333333333333
"519","DEN","BDL","UA",30.3333333333333
"520","DEN","DCA","UA",30.3333333333333
"521","JAX","DEN","UA",30.3333333333333
"522","SFO","DCA","UA",30.3333333333333
"523","BDL","DEN","UA",30.25
"524","GEG","ORD","UA",30.0833333333333
"525","ORD","GEG","UA",30.0833333333333
"526","EGE","ORD","UA",30
"527","ORD","EGE","UA",30
"528","JAX","IAH","UA",29.75
"529","ATL","ORD","UA",29.6666666666667
"530","IAH","JAX","UA",29.5833333333333
"531","ORD","RIC","UA",29.3333333333333
"532","DEN","EUG","UA",29.25
"533","MIA","SFO","UA",29.25
"534","RIC","ORD","UA",29.25
"535","SFO","MIA","UA",29.25
"536","CLE","FLL","UA",29.2
"537","CLE","IAD","UA",29.2
"538","CLE","RSW","UA",29.2
"539","FLL","CLE","UA",29.2
"540","RSW","CLE","UA",29.2
"541","ORD","JAX","UA",29
"542","IAH","TUL","UA",28.9166666666667
"543","SFO","DTW","UA",28.8333333333333
"544","TUL","IAH","UA",28.8333333333333
"545","ORD","PSP","UA",28.7142857142857
"546","PSP","ORD","UA",28.7142857142857
"547","DTW","SFO","UA",28.6666666666667
"548","JAX","EWR","UA",28.6666666666667
"549","MDT","ORD","UA",28.6363636363636
"550","ORD","MDT","UA",28.6363636363636
"551","IAD","MSP","UA",28.6
"552","MSP","IAD","UA",28.6
"553","CVG","SFO","UA",28.5
"554","HIK","IAD","UA",28.5
"555","HNL","IAD","UA",28.5
"556","SFO","CVG","UA",28.5
"557","SMF","IAD","UA",28.3333333333333
"558","IAD","SMF","UA",28.25
"559","DEN","STL","UA",28.1428571428571
"560","EWR","SAT","UA",28
"561","IAH","PSP","UA",28
"562","PSP","IAH","UA",28
"563","SAT","EWR","UA",28
"564","DEN","SLC","UA",27.8888888888889
"565","LAX","BWI","UA",27.8181818181818
"566","BWI","LAX","UA",27.7272727272727
"567","IAD","ATL","UA",27.5833333333333
"568","IAD","DFW","UA",27.5555555555556
"569","EUG","DEN","UA",27.5
"570","ORD","SAV","UA",27.3333333333333
"571","SAV","ORD","UA",27.3333333333333
"572","IAD","SJU","UA",27.2727272727273
"573","SJU","IAD","UA",27.2727272727273
"574","CMH","SFO","UA",27.1428571428571
"575","SFO","CMH","UA",27.1428571428571
"576","DLH","ORD","UA",27.0833333333333
"577","ORD","DLH","UA",27.0833333333333
"578","DFW","IAD","UA",26.875
"579","DEN","ORF","UA",26.75
"580","ORF","DEN","UA",26.75
"581","BTV","EWR","UA",26.6666666666667
"582","EWR","BTV","UA",26.6666666666667
"583","ORD","PBI","UA",26.5555555555556
"584","IAD","PDX","UA",26.3636363636364
"585","PDX","IAD","UA",26.3636363636364
"586","PBI","ORD","UA",26.3333333333333
"587","MFR","DEN","UA",26.25
"588","ORD","GRR","UA",26.25
"589","GRR","ORD","UA",26.1666666666667
"590","ORD","FAT","UA",26.1
"591","FAT","ORD","UA",26
"592","DEN","ICT","UA",25.9166666666667
"593","DEN","MKE","UA",25.9
"594","MKE","DEN","UA",25.9
"595","ICT","DEN","UA",25.8333333333333
"596","EGE","EWR","UA",25.5
"597","EWR","EGE","UA",25.5
"598","EWR","JAC","UA",25.5
"599","JAC","EWR","UA",25.5
"600","OKC","DEN","UA",25.5
"601","ONT","SFO","UA",25
"602","SFO","ONT","UA",24.9090909090909
"603","PBI","IAH","UA",24.8888888888889
"604","IAH","PBI","UA",24.7777777777778
"605","BZN","EWR","UA",24.625
"606","EWR","BZN","UA",24.625
"607","EWR","PSP","UA",24.6
"608","PSP","EWR","UA",24.6
"609","MSP","SFO","UA",24.5
"610","MFR","SFO","UA",24.3333333333333
"611","TUS","DEN","UA",24.3333333333333
"612","BZN","SFO","UA",24.2
"613","SFO","BZN","UA",24.2
"614","IAD","MCI","UA",24.1428571428571
"615","MCI","IAD","UA",24.1428571428571
"616","DEN","FSD","UA",24.0909090909091
"617","FSD","DEN","UA",24.0909090909091
"618","EWR","PIT","UA",24.0833333333333
"619","PIT","EWR","UA",24.0833333333333
"620","SFO","MFR","UA",24.0833333333333
"621","DEN","MFR","UA",23.7777777777778
"622","SLC","SFO","UA",23.75
"623","ITO","LAX","UA",23.6666666666667
"624","LAX","ITO","UA",23.6666666666667
"625","EWR","SMF","UA",23.4545454545455
"626","TUL","DEN","UA",23.4166666666667
"627","SMF","EWR","UA",23.3636363636364
"628","DEN","TUL","UA",23.25
"629","HDN","IAH","UA",23.25
"630","IAH","HDN","UA",23.25
"631","ORD","RAP","UA",23.2
"632","RAP","ORD","UA",23.2
"633","EWR","MYR","UA",22.8571428571429
"634","MYR","EWR","UA",22.8571428571429
"635","FAI","ORD","UA",22.7142857142857
"636","ORD","FAI","UA",22.7142857142857
"637","ORD","RNO","UA",22.6666666666667
"638","CLT","DEN","UA",22.6
"639","RNO","ORD","UA",22.5555555555556
"640","ANC","SFO","UA",22.5
"641","ANC","IAH","UA",22.25
"642","EGE","IAH","UA",22.25
"643","EWR","SAV","UA",22.25
"644","IAH","ANC","UA",22.25
"645","IAH","EGE","UA",22.25
"646","SAV","EWR","UA",22.25
"647","SFO","ANC","UA",22.25
"648","EWR","SRQ","UA",22.2222222222222
"649","MYR","ORD","UA",22.2
"650","ORD","MYR","UA",22.2
"651","IAD","STT","UA",22
"652","SRQ","EWR","UA",22
"653","STT","IAD","UA",22
"654","IAH","STL","UA",21.4
"655","EWR","JAX","UA",21.1428571428571
"656","SFO","MSP","UA",21.1428571428571
"657","MCI","EWR","UA",21
"658","BUF","EWR","UA",20.7142857142857
"659","JAX","ORD","UA",20.6
"660","IAH","CLT","UA",20.5833333333333
"661","ORD","CLT","UA",20.3333333333333
"662","DEN","RDM","UA",20.2857142857143
"663","RDM","DEN","UA",20.2857142857143
"664","ANC","EWR","UA",20.25
"665","EWR","ANC","UA",20.25
"666","DEN","RIC","UA",20.125
"667","STL","IAH","UA",19.3636363636364
"668","EWR","MCI","UA",19.3333333333333
"669","ROC","EWR","UA",19.1666666666667
"670","CLT","ORD","UA",19
"671","EWR","ROC","UA",19
"672","FCA","ORD","UA",19
"673","IAD","ORF","UA",19
"674","ORD","FCA","UA",19
"675","ORF","IAD","UA",18.9090909090909
"676","ORD","TUS","UA",18.8571428571429
"677","TUS","ORD","UA",18.5714285714286
"678","EWR","MTJ","UA",18.5
"679","MTJ","EWR","UA",18.5
"680","EWR","STT","UA",18.4545454545455
"681","STT","EWR","UA",18.4545454545455
"682","ORD","STL","UA",18.4
"683","IAH","OMA","UA",18.3636363636364
"684","OMA","IAH","UA",18.3636363636364
"685","EWR","BUF","UA",18.125
"686","RIC","DEN","UA",18.1111111111111
"687","DTW","IAH","UA",18
"688","BNA","DEN","UA",17.9090909090909
"689","ORD","CVG","UA",17.9090909090909
"690","CVG","ORD","UA",17.8181818181818
"691","DEN","BNA","UA",17.8181818181818
"692","DEN","FAT","UA",17.5
"693","FAT","DEN","UA",17.5
"694","EWR","PWM","UA",16.9
"695","PWM","EWR","UA",16.9
"696","ABQ","IAH","UA",16.6666666666667
"697","IAD","CHS","UA",16.6666666666667
"698","IAH","PIT","UA",16.5
"699","PIT","IAH","UA",16.5
"700","CHS","IAD","UA",16.3333333333333
"701","ORD","ABQ","UA",16.1111111111111
"702","OGG","ORD","UA",16.0833333333333
"703","ORD","OGG","UA",16.0833333333333
"704","ABQ","ORD","UA",16
"705","MEM","ORD","UA",15.7777777777778
"706","ORD","MEM","UA",15.6666666666667
"707","MSP","IAH","UA",15.5714285714286
"708","BOI","SFO","UA",15.5
"709","SFO","BOI","UA",15.5
"710","IAH","MSP","UA",15.2857142857143
"711","EGE","IAD","UA",15
"712","IAD","EGE","UA",15
"713","PIT","IAD","UA",15
"714","OMA","SFO","UA",14.8333333333333
"715","IAD","PIT","UA",14.8
"716","CLT","IAH","UA",14.75
"717","SFO","OMA","UA",14.6666666666667
"718","SBA","SFO","UA",14.5
"719","DEN","FAI","UA",14.3333333333333
"720","DEN","MEM","UA",14.3333333333333
"721","FAI","DEN","UA",14.3333333333333
"722","IAH","DTW","UA",14.3333333333333
"723","IAD","HIK","UA",14.25
"724","IAD","HNL","UA",14.25
"725","PHX","LAX","UA",14.25
"726","LAX","SEA","UA",14.2222222222222
"727","SEA","LAX","UA",14.2222222222222
"728","IAH","STT","UA",14.1666666666667
"729","STT","IAH","UA",14.1666666666667
"730","IAH","ABQ","UA",14
"731","CRP","IAH","UA",13.5
"732","CVG","IAH","UA",13.5
"733","IAH","CRP","UA",13.5
"734","SFO","SLC","UA",13.1666666666667
"735","DEN","RAP","UA",13
"736","MCI","SFO","UA",12.875
"737","LAX","PHX","UA",12.5555555555556
"738","MEM","DEN","UA",12.4285714285714
"739","IAH","ICT","UA",12
"740","ICT","IAH","UA",12
"741","RAP","DEN","UA",12
"742","SFO","MCI","UA",11.6666666666667
"743","SFO","SBA","UA",11.6
"744","IAH","CVG","UA",11.5714285714286
"745","ELP","IAH","UA",11.2
"746","IAH","ELP","UA",11.2
"747","FAI","SFO","UA",10.6666666666667
"748","SFO","FAI","UA",10.6666666666667
"749","SFO","SMF","UA",10.25
"750","ATL","IAH","UA",10.1428571428571
"751","LAX","SAN","UA",9.4
"752","SMF","SFO","UA",9.33333333333333
"753","IAH","ORF","UA",9
"754","ORF","IAH","UA",9
"755","SDF","EWR","UA",9
"756","IAH","OKC","UA",8.66666666666667
"757","OKC","IAH","UA",8.55555555555556
"758","IAH","ATL","UA",8.25
"759","AUS","LAX","UA",8
"760","BSM","LAX","UA",8
"761","CMH","IAD","UA",8
"762","DSM","IAH","UA",8
"763","ORD","SDF","UA",8
"764","SAN","LAX","UA",8
"765","IAD","CMH","UA",7.75
"766","IND","IAD","UA",7.6
"767","IAH","JAC","UA",7.57142857142857
"768","JAC","IAH","UA",7.57142857142857
"769","IAH","DSM","UA",7.5
"770","BTV","DEN","UA",7.33333333333333
"771","DEN","BTV","UA",7.33333333333333
"772","DEN","PWM","UA",7.33333333333333
"773","PWM","DEN","UA",7.33333333333333
"774","CHS","IAH","UA",7.16666666666667
"775","IAH","CHS","UA",7.16666666666667
"776","EWR","SDF","UA",7
"777","EWR","DTW","UA",6.6
"778","IAD","IND","UA",6.33333333333333
"779","DEN","SDF","UA",6
"780","EWR","HDN","UA",6
"781","HDN","EWR","UA",6
"782","SDF","DEN","UA",6
"783","SDF","ORD","UA",6
"784","GUC","IAH","UA",5.66666666666667
"785","IAH","GUC","UA",5.66666666666667
"786","CID","ORD","UA",5.2
"787","ATL","LAX","UA",5
"788","ORD","CID","UA",5
"789","SAT","SFO","UA",5
"790","IND","ORD","UA",4.8
"791","CHS","DEN","UA",4.5
"792","ORD","IND","UA",4.5
"793","LAX","AUS","UA",4.33333333333333
"794","LAX","BSM","UA",4.33333333333333
"795","ORD","STT","UA",4.33333333333333
"796","STT","ORD","UA",4.33333333333333
"797","DEN","PBI","UA",4
"798","DEN","SRQ","UA",4
"799","IAH","SDF","UA",4
"800","LAS","SJC","UA",4
"801","ORD","BGR","UA",4
"802","PBI","DEN","UA",4
"803","SDF","IAH","UA",4
"804","SFO","SAT","UA",4
"805","SJC","LAS","UA",4
"806","SRQ","DEN","UA",4
"807","BGR","ORD","UA",3.75
"808","HDN","IAD","UA",3.75
"809","IAD","HDN","UA",3.75
"810","ORD","PNS","UA",3.66666666666667
"811","ORD","TVC","UA",3.66666666666667
"812","PNS","ORD","UA",3.66666666666667
"813","TVC","ORD","UA",3.66666666666667
"814","LAX","SMF","UA",3.5
"815","OMA","EWR","UA",3.5
"816","DEN","CHS","UA",3.33333333333333
"817","ATL","BOS","UA",3
"818","BOI","ORD","UA",3
"819","DTW","EWR","UA",3
"820","EWR","MEM","UA",3
"821","EWR","MKE","UA",3
"822","GRB","ORD","UA",3
"823","IAD","SDF","UA",3
"824","LAX","ATL","UA",3
"825","MEM","EWR","UA",3
"826","ORD","BOI","UA",3
"827","PVD","ORD","UA",3
"828","SDF","IAD","UA",3
"829","SDF","SFO","UA",3
"830","SFO","SDF","UA",3
"831","EWR","OMA","UA",2.66666666666667
"832","LAX","DFW","UA",2.66666666666667
"833","SMF","LAX","UA",2.66666666666667
"834","CMH","IAH","UA",2.5
"835","DFW","LAX","UA",2.5
"836","EWR","IND","UA",2.5
"837","IAH","CMH","UA",2.5
"838","ORD","GRB","UA",2.5
"839","ORD","PVD","UA",2.5
"840","STL","DEN","UA",2.5
"841","DEN","CLT","UA",2.4
"842","ABQ","LAX","UA",2
"843","AUS","BTR","UA",2
"844","AUS","LAS","UA",2
"845","BHM","SFO","UA",2
"846","BOS","LAS","UA",2
"847","BSM","BTR","UA",2
"848","BSM","LAS","UA",2
"849","CVG","IAD","UA",2
"850","EUG","LAX","UA",2
"851","EWR","BGR","UA",2
"852","EWR","CVG","UA",2
"853","EWR","MSN","UA",2
"854","EWR","OKC","UA",2
"855","GEG","SFO","UA",2
"856","IAD","CLT","UA",2
"857","IAD","CVG","UA",2
"858","IAD","MSN","UA",2
"859","IAH","MSN","UA",2
"860","IND","EWR","UA",2
"861","LAS","BOS","UA",2
"862","LAS","PHX","UA",2
"863","LAS","SEA","UA",2
"864","LAX","ABQ","UA",2
"865","LAX","EUG","UA",2
"866","LAX","SDF","UA",2
"867","MKE","EWR","UA",2
"868","MSN","EWR","UA",2
"869","MSN","IAD","UA",2
"870","MSN","IAH","UA",2
"871","OKC","EWR","UA",2
"872","PHX","LAS","UA",2
"873","SDF","LAX","UA",2
"874","SEA","LAS","UA",2
"875","SFO","BHM","UA",2
"876","SFO","GEG","UA",2
"877","IND","IAH","UA",1.75
"878","CLT","IAD","UA",1.66666666666667
"879","MSP","EWR","UA",1.66666666666667
"880","IAH","BHM","UA",1.6
"881","IAH","IND","UA",1.6
"882","BGR","EWR","UA",1.5
"883","EWR","DCA","UA",1.5
"884","ICT","ORD","UA",1.5
"885","LAX","RNO","UA",1.5
"886","LAX","SAT","UA",1.5
"887","ORD","ICT","UA",1.5
"888","RNO","LAX","UA",1.5
"889","SFO","ABQ","UA",1.5
"890","BHM","IAH","UA",1.4
"891","DCA","EWR","UA",1.33333333333333
"892","SAT","LAX","UA",1.33333333333333
"893","CVG","EWR","UA",1.25
"894","EWR","MSP","UA",1.25
"895","ABQ","SFO","UA",1.2
"896","BHM","CLL","UA",1
"897","BHM","DEN","UA",1
"898","BHM","ORD","UA",1
"899","BOI","IAH","UA",1
"900","BOS","ATL","UA",1
"901","BTR","AUS","UA",1
"902","BTR","BSM","UA",1
"903","BTR","DCA","UA",1
"904","BTR","IAH","UA",1
"905","CLL","BHM","UA",1
"906","CLL","IAH","UA",1
"907","CMH","MSN","UA",1
"908","DCA","BTR","UA",1
"909","DEN","BHM","UA",1
"910","DEN","ELP","UA",1
"911","DFW","EUG","UA",1
"912","DTW","IAD","UA",1
"913","ELP","DEN","UA",1
"914","ELP","ORD","UA",1
"915","EUG","DFW","UA",1
"916","EWR","CMH","UA",1
"917","EWR","GRR","UA",1
"918","EWR","PVD","UA",1
"919","EWR","RIC","UA",1
"920","EWR","SYR","UA",1
"921","FLL","LAS","UA",1
"922","FSD","ORD","UA",1
"923","GRR","EWR","UA",1
"924","GSP","IAD","UA",1
"925","GSP","SFO","UA",1
"926","HDN","ORD","UA",1
"927","IAD","DTW","UA",1
"928","IAD","GSP","UA",1
"929","IAD","RIC","UA",1
"930","IAD","SRQ","UA",1
"931","IAH","BTR","UA",1
"932","IAH","CLL","UA",1
"933","IAH","ONT","UA",1
"934","IAH","PNS","UA",1
"935","IAH","RIC","UA",1
"936","IAH","RNO","UA",1
"937","IAH","SAV","UA",1
"938","JAC","SFO","UA",1
"939","LAS","AUS","UA",1
"940","LAS","BSM","UA",1
"941","LAS","FLL","UA",1
"942","LAS","PIT","UA",1
"943","LAS","RDU","UA",1
"944","LAS","SMF","UA",1
"945","LAX","MSN","UA",1
"946","LAX","SBN","UA",1
"947","LGA","MTJ","UA",1
"948","MSN","CMH","UA",1
"949","MSN","LAX","UA",1
"950","MSN","SFO","UA",1
"951","MTJ","LGA","UA",1
"952","ONT","IAH","UA",1
"953","ORD","BHM","UA",1
"954","ORD","FSD","UA",1
"955","ORD","HDN","UA",1
"956","ORD","SBN","UA",1
"957","ORD","TUL","UA",1
"958","ORF","EWR","UA",1
"959","PIT","LAS","UA",1
"960","PNS","IAH","UA",1
"961","PVD","EWR","UA",1
"962","RDU","LAS","UA",1
"963","RIC","IAD","UA",1
"964","RIC","IAH","UA",1
"965","RNO","EWR","UA",1
"966","RNO","IAH","UA",1
"967","SAV","IAD","UA",1
"968","SAV","IAH","UA",1
"969","SBN","LAX","UA",1
"970","SBN","ORD","UA",1
"971","SFO","GRB","UA",1
"972","SFO","GSP","UA",1
"973","SFO","JAC","UA",1
"974","SFO","MSN","UA",1
"975","SMF","LAS","UA",1
"976","SRQ","IAD","UA",1
"977","SYR","EWR","UA",1
"978","TUL","ORD","UA",1
